parentName dans HAL
EOST\, UMR CNRS-ULP 7516
Praxiling UMR 5267
Discours\, textualité et production de sens \, praxiling \, recherche en domaine occitan,Praxiling UMR 5267
Praxiling UMR 5267,EducTICE
Praxiling UMR 5267
Praxiling UMR 5267
3UMR728 INSERM Unité d'immuno-hématologie (UIH) and laboratoire d'hématologie\, Hôpital St-Louis\, AP-HP
Agrocampus Ouest and Institut national de la recherche agronomique (INRA)\, UMR1253 Science et Technologie du Lait et de l'Œuf
UMR 406
CNRS : UMR5005
THALIM - Théorie et histoire des arts et des littératures de la modernité - UMR 7172
LAboratoire de Recherche Historique Rhône-Alpes - UMR5190
Département de Chimie Moléculaire\, UMR CNRS 5250\, ICMG FR - CNRS 2607
UMR-CNRS 6599
UMR-CNRS 6599
UMR 5600 Environnement Ville Société
Bases\, Corpus\, Langage (UMR 6039)
Bases\, Corpus\, Langage (UMR 6039)
Bases\, Corpus\, Langage (UMR 7320)
Bases\, Corpus\, Langage (UMR 7320)
Bases\, Corpus\, Langage (UMR 6039)
Bases\, Corpus\, Langage (UMR 6039)
Bases\, Corpus\, Langage (UMR 6039)
Bases\, Corpus\, Langage (UMR 7320)
Bases\, Corpus\, Langage (UMR 7320)
Bases\, Corpus\, Langage (UMR 6039)
Bases\, Corpus\, Langage (UMR 7320)
Bases\, Corpus\, Langage (UMR 6039)
parent,Université Joseph Fourier - Grenoble I,CNRS : UMR5525
Agro-M/INRA/CNRS/UM2 UMR5004
UMR 6600
Laboratoire de Catalyse en Chimie Organique\, CNRS UMR 6503
Institut de Chimie des Milieux et Matériaux de Poitiers,Laboratoire de Catalyse en Chimie Organique\, CNRS UMR 6503
CEA-iRTSV-LBBSI\, UMR 5092 CNRS\, UJF
Laboratoire de Botanique\, Phytochimie et Mycologie\, Faculté de Pharmacie\, CEFE UMR 5175\, CNRSUniversité de Montpellier - Université Paul-Valéry Montpellier – EPHE
Université Paris Diderot - Paris 7,AP-HP Hôpital Bichat - Claude-Bernard (Paris),UMR 1123
UMR 5600 Environnement Ville Société
CREDA - Centre de Recherche Et de Documentation sur les Amériques - UMR 7227
Université Nice Sophia Antipolis\, UMR CNRS 7248 - Orange Labs La Turbie
CNRS : UMR7048,Sciences Po
Campus CNRS\, UMR 5175
UMR MA 101 ULP-ENGEES
Université Paul Sabatier (UPS) - Toulouse III,CNRS : UMR5044,Université Toulouse le Mirail - Toulouse II
CNRS : UMR5044,Université Toulouse le Mirail - Toulouse II
Université Pierre-Mendès-France - Grenoble II,CNRS : UMR5820,Université Pierre Mendès-France - Grenoble II
Aix Marseille Université,INSU,Institut de recherche pour le développement [IRD],CNRS : UMR7330
UMR5229
UMR 137
Université Paul Sabatier - Toulouse 3,UMR 8555 CNRS
CREDA - Centre de Recherche Et de Documentation sur les Amériques - UMR 7227
CNRS : UMR5044
UMR 8209
UMR 5600 Environnement Ville Société,Laboratoire d'Histoire des Sciences et de Philosophie - Archives Henri Poincaré
Laboratoire de Chimie - UMR5182
UMR INTREPID
UMR 17
Persyst,UMR QUALISUD
CIRAD UMR SELMET
UMR8161
UMR 5160
Institut d'Études Politiques de Grenoble,Université Grenoble Alpes,CNRS : UMR5194
UMR 5187 Toulouse
UMR 5600 Environnement Ville Société
CNRS UMR 7041
CNRS\, UMR5249\, F-38054 Grenoble\, France
UMR5194 et Département de Préhistoire
CNRS-UMR 5234\, Microbiologie fondamentale et Pathogénicité\, University of Bordeaux 2\, Bordeaux\, France
CNRS-UMR 6112\, LPG
CNRS-UMR 7277 IRAP
UMR 1599
Laboratoire de l'intégration\, du matériau au système,Equipe Cognitique & Ingénierie Humaine - IMS (UMR 5218)
Laboratoire de l'intégration\, du matériau au système,Equipe Cognitique & Ingénierie Humaine - IMS (UMR 5218),Laboratoire d'Ergonomie et de Sciences Cognitives pour les Transports
ommissariat à l'Energie Atomique (CEA)\, DRF/PROCyTOX \, Fontenay-aux-Roses \, France.   Code (UMR\, EA\, ...)
Université Lumière - Lyon 2,UMR-GRIC\, CNRS
UMR 5218
Université Paris-Sud - Paris 11,UMR 176-CNRS,le Laboratoire Raymond-Latarget d'Orsay,INSTITUT CURIE
Centre de coopération internationale en recherche agronomique pour le développement [CIRAD] : UMR15,Institut National de la Recherche Agronomique
Centre de Physique Théorique - UMR 7332
Centre de Physique Théorique - UMR 7332
Centre de Physique Théorique - UMR 7332
Centre de Physique Théorique - UMR 7332
Centre de Physique Théorique - UMR 7332
Centre de Physique Théorique - UMR 7332
Centre de Physique Théorique - UMR 7332
Centre de Physique Théorique - UMR 7332
Centre de Physique Théorique - UMR 7332
Institut de Mathématiques de Toulouse UMR5219,Centre de Recherches en Management
Département Décision en Entreprise : Modélisation\, Optimisation,UMR 5146 - Laboratoire Claude Goux
Laboratoire d'Informatique\, de Modélisation et d'optimisation des Systèmes,Département Décision en Entreprise : Modélisation\, Optimisation,UMR 5146 - Laboratoire Claude Goux
UMR 1178
UMR CNRS 5558 Hospices Civils de Lyon-Sud
UMR6578
UMR 7178 CNRS-UDS
Centre National de la Recherche Scientifique,Université Paris Descartes - Paris 5,UMRS 872
CHU Strasbourg,Clinical investigation center (CIC INSERM 1434),UMR INSERM 1119,Federation de Medecine translationnelle (FMTS
Department of Photochemistry\, CNRS UMR 7525\, Ecole Nationale de Chimie de Mulhouse\,
UMR Inserm\, University of The French West Indies
UMR Développement et Sociétés
Université Louis Pasteur – Strasbourg I Ecole Doctorale des Sciences de la Terre\, de l'Univers et de l'Environnement Institut de Physique du Globe\, UMR 7516 ULP-CNRS,Institut de physique du globe de Strasbourg
Bureau de Recherches Géologiques et Minières,Institut des Sciences de la Terre d'Orléans - UMR7327
Centre Hospitalier Régional Universitaire [Montpellier],Hôpital La Colombière,UMR 729 MISTEA
Bureau de Recherches Géologiques et Minières,Institut des Sciences de la Terre d'Orléans - UMR7327
UMR1097
CNRS : UMR7354,Université de Strasbourg
INSERM UMR S665
Centre de Physique Théorique - UMR 7332
EBI\, UMR CNRS 7267\, Paris\, France
Département Microstructures et Propriétés Mécaniques,UMR 5146 - Laboratoire Claude Goux
UMR 5146 - Laboratoire Claude Goux,Département Microstructures et Propriétés Mécaniques
Centre Science des Matériaux et des Structures,Département Microstructures et Propriétés Mécaniques,UMR 5146 - Laboratoire Claude Goux
Département Mécanique et Procédés d'Elaboration,UMR 5146 - Laboratoire Claude Goux
Centre Science des Matériaux et des Structures,Département Microstructures et Propriétés Mécaniques,UMR 5146 - Laboratoire Claude Goux
Ecole Normale Super\, UMR 8538\, F-75231 Paris 5\, France
Ecole Nationale du Génie Rural\, des Eaux et des Forêts,Institut National de la Recherche Agronomique,Université des Antilles et de la Guyane,Centre de coopération internationale en recherche agronomique pour le développement [CIRAD] : UMR93,Centre Nation
THALIM - Théorie et histoire des arts et des littératures de la modernité - UMR 7172
Service d'histoire de l'éducation,Groupe d'histoire et diffusion des sciences d'Orsay,LAboratoire de Recherche Historique Rhône-Alpes - UMR5190
"UMR 212 EME ""écosystèmes marins exploités"""
Institut National Polytechnique de Toulouse - INPT,CNRS : UMR5505
Ecole Nationale des Travaux Publics de l'Etat,Université Jean Monnet - Saint-Etienne,Université Lumière - Lyon II,CNRS : UMR5600,Université Jean Moulin - Lyon III,Institut National des Sciences Appliquées de Lyon,Ecole Normale Supérieure de Lyon
CNRS : UMR5204,Université de Savoie
EOST,IPGS,UMR7516
Université Pierre et Marie Curie\, UMR-S 1136
UMR-S 1136
Laboratoire de Mathématiques Jean Leray,Institut de Mathématiques de Toulouse UMR5219
EquipCNRS-LGIT (UMR 5559)\,
Praxiling UMR 5267
Praxiling UMR 5267
Praxiling UMR 5267
Praxiling UMR 5267
Praxiling UMR 5267,EducTICE
Praxiling UMR 5267
Praxiling UMR 5267
Praxiling UMR 5267
Praxiling UMR 5267
Praxiling UMR 5267
Centre de Neurosciences Paris-Sud,IPHEP - UMR7262
Centre d'Ecologie Fonctionnelle et Evolutive\, CNRS UMR
Institut de Mathématiques de Toulouse UMR5219
Institut de Mathématiques de Toulouse UMR5219
Institut de Mathématiques de Toulouse UMR5219
UMR Développement et Sociétés
Institut de Mathématiques de Toulouse UMR5219
UMR 6590
Université d'Angers,CNRS : UMR6590
CNRS : UMR6590,Université du Maine,Université de Caen Basse-Normandie,Université d'Angers,Université de Rennes II - Haute Bretagne,Université de Nantes
CNRS : UMR6590
CNRS : UMR6590,Université du Maine,Université de Rennes II - Haute Bretagne,Université de Nantes,Université de Caen Basse-Normandie,Université d'Angers
Aix Marseille Université,CNRS : UMR7300,Université d'Avignon et des Pays de Vaucluse,Université Nice Sophia Antipolis (UNS)
LAboratoire de Recherche Historique Rhône-Alpes - UMR5190
Université Paul Sabatier - Toulouse 3,UMR 5174 CNRS
CNRS : UMR5600
CNRS : UMR7354
UMR 837 INSERM
CREDA - Centre de Recherche Et de Documentation sur les Amériques - UMR 7227
LAboratoire de Recherche Historique Rhône-Alpes - UMR5190
UMR 7154 CNRS
CNRS : UMR8504,Université Paris I - Panthéon-Sorbonne,Université Paris VII - Paris Diderot
LAboratoire de Recherche Historique Rhône-Alpes - UMR5190
LaTTiCe - Langues\, Textes\, Traitements informatiques\, Cognition - UMR 8094
Institut de Chimie des Milieux et Matériaux de Poitiers,Laboratoire HYDRASA,Laboratoire HYDRASA\, UMR 6269 CNRS-INSU\, Universite' de Poitiers\, 86022 Poitiers
Institut de Mathématiques de Toulouse UMR5219
UMR CNRS 6522
ICD /UMR CNRS Sciences et Technologies de la Maîtrise des Risques
UMR CNRS 7311
CNRS : UMR6266,Université de Rouen,Université du Havre,Université de Caen Basse-Normandie
CNRS : UMR6266
Université de Caen Basse-Normandie,Université de Rouen,Université du Havre,CNRS : UMR6266
UMR 5600 Environnement Ville Société
IMFT UMR 5502 CNRS-INP-UPS
Université François Rabelais - Tours,Institut National de la Recherche Agronomique,UMR 483
University of Bordeaux\, UMR 5218CNRS
Institut de Mathématiques de Toulouse UMR5219
Institut de Mathématiques de Toulouse UMR5219
Indisciplinary Institute for Neuroscience\, UMR 5297
Université de Tours UMR1282
UMR1248 AGIR
UMR 1302
UMR CARTEL
UMR AMAP
UMR FARE 614
UMR AGIR
Grenoble Institut des Neurosciences,Equipe CERVOxy\, CI-NAPS\, UMR 6232
INSERM UMRS 976
CNRS : UMR8622
Institut Curie\, UMR9187-U1196\, CMIB\, CNRS-INSERM
Institut d’Electronique et des Systèmes\, UMR5214 Montpellier
Laboratoire de Chimie et Biologie des Métaux\,Biosciences and Biotechnology Institute of Grenoble (BIG)\, BIG-LCBM/DRF\,UMR 5249 CEA/CNRS/UGA\, CEA/Grenoble.
Institut de Chimie et des Matériaux Paris Est UMR CNRS 7182
Institut de Mathématiques de Toulouse UMR5219
CNRS : UMR5149,Université Montpellier II - Sciences et techniques
Institut polytechnique de Bordeaux,Arts et Métiers ParisTech,CNRS : UMR5295,Université Sciences et Technologies - Bordeaux I
évolution et paléoenvironnements\, IPHEP\, UMR CNRS 6046
CNRS-UPS\, UMR 5089 205 Route de Narbonne 31077 Toulouse cedex 4
Universite de Rennes 1,CNRS : UMR6251
Chimie ParisTech,UMR 8247
Ecole Centrale de Nantes,CNRS : UMR6183,Université de Nantes
Ecole Centrale de Nantes,CNRS : UMR6183
CNRS-UMR2488
CNRS-UMR2488
IRD\, UMR DIADE\, Montpellier\, France
UMR GRED\, Gouvernance\, Risque\, Environnement\, Développement
"Institut de Recherche pour le Développement\, UMR177 IRD/CIRAD ""INTERTRYP""\, Montpellier\, France"
UMR CNRS 8520
Université Paris XI - Paris Sud,CNRS : UMR8622
UMR CNRS 8520
Centre d'EPistémologie et d'ERgologie Comparatives - UMR 7304
CNRS-UMR 5270\, Ecole Centrale de Lyon
Université Montpellier 2 - Sciences et Techniques,ISTEEM,UMR 5573
Université Montesquieu - Bordeaux IV,École Nationale Supérieure de Chimie et de Physique de Bordeaux (ENSCPB),Université Sciences et Technologies - Bordeaux I,CNRS : UMR5255
UMR-5082 CNRS
UMR 7592
Université d'Avignon et des Pays de Vaucluse,Aix Marseille Université,INSU,INEE,INSB,Institut de recherche pour le développement [IRD] : UMR237,Centre National de la Recherche Scientifique
Université Sud Toulon Var,Institut de Recherche pour le Développement,Aix Marseille Université,Institut de recherche pour le développement [IRD] : UMR235,Centre National de la Recherche Scientifique
UMR Biodiversité\, Gènes et Ecosystèmes
Université Claude Bernard Lyon 1,Institut de Veille Sanitaire (INVS),UMR T9405
UMR6236
UMR 6097 CNRS
University of Bordeaux\, UMR 5293\, Bordeaux\, France
Institute of Research and Development of Photovoltaic Energy (IRDEP-UMR 7174-CNRS-EDF-ENSCP)
UMR-CNRS 7086
