|Colonne mystère 1|Prénom|Nom|Nom de personne|
|-|-|-|-|
|Françoise Denoyelle|Françoise; e; F|rançoise Denoyelle; Denoyelle|Françoise Denoyelle|
|BRUNEL Sylvie|EL; BRUNEL; Sylvie|BRUNEL; Sylvie|BRUNEL Sylvie|
|WALCH Agnès|Agnès; WALCH|WALCH|WALCH Agnès|
|Ph. Brun||||
|Schnapp Alain|Schnapp; Alain|Schnapp|Schnapp Alain|
|BADIE Bertrand|Bertrand; E; BADIE|Bertrand; BADIE|BADIE Bertrand|
|Jacqueline Fabre-Serris|Jacqueline|Fabre-Serris|Jacqueline|
|Georges Molinié|Georges|Molinié|Georges|
|Hamit Bozarslan|an|||
|Christelle Reggiani|Christelle|Reggiani|Christelle Reggiani|
|Ph Bénéton||||
|Martine de Gaudemar|Martine; Martin|de Gaudemar; e de Gaudemar|Martine de Gaudemar|
|Andréas PFERSMANN|ANN; Andréa; Andréas|PFERSMANN; s PFERSMANN|Andréas PFERSMANN|
|Élisabeth Parinet||||
|Knopper, Françoise, Mondot, Jean (éds.)||||
|Robic, Jean-François|jean francois; Jean-François||Robic, Jean-François|
|Bernard Legras|Bernard|Legras|Bernard Legras|
|Monique Castillo|Monique|Castillo|Monique Castillo|
|Pirlot G.|Pirlot|Pirlot|Pirlot G.|
|Etienne Wolff|Etienne; f|Wolff|Etienne Wolff|
|Christine Delory-Momberger|Christine|Delory-Momberger|Christine|
|Pierre Laforgue|e; Pierre|Laforgue|Pierre Laforgue|
|E. Lecuppre-Desjardin|E|. Lecuppre-Desjardin|E|
|F. Lecercle|e; F.; F|. Lecercle; .|F. Lecercle|
|CHATELLUS, Adélaïde de, ed.||||
|Z.Khelfaoui||||
|Descargues-Grant Madeleine|Madeleine; De; Grant|scargues-Grant Madeleine; Grant|Descargues-Grant Madeleine|
|Yves Lafond|Yves|Lafond|Yves Lafond|
|D. Maingueneau|D.|.|D. Maingueneau|
|Henri Oberdorff|Henri; f|Oberdorff|Henri Oberdorff|
|VAN LANG Agathe|Agathe; LANG; VAN|LANG Agathe; VAN LANG|VAN LANG Agathe|
|Olivier Ihl|Olivier|Ihl|Olivier Ihl|
|MADURELL, François|François|||
|Aldo Haesler|Aldo|Haesler|Aldo Haesler|
|Brigitte Louichon|Brigitte|Louichon|Brigitte Louichon|
|E. Amato|E.; E|. Amato; .|E. Amato|
|CARRASCO Raphaël|CARRASCO; Raphaël|CARRASCO|CARRASCO Raphaël|
|L. Martinez-Sève|L.; e|.|L. Martinez-Sève|
|Eric Mension-Rigau|Eric|Mension-Rigau|Eric|
|Svetla Moussakova|Moussa|Svetla|Moussa|
|F. Démier|F|. Démier|F|
|Henri Scepi|Henri|Scepi|Henri Scepi|
|Olivier Millet|Olivier|Millet|Olivier Millet|
|Rahim KHERAD (sous direction)||||
|Christian Duverger|Christian|Duverger|Christian Duverger|
|Billy, Dominique|Dominique; Bi|lly|Billy, Dominique|
|Sylvio De Franceschi|Franc; De|Franceschi; Sylvio De|Sylvio De Franceschi|
|Kristian Feigelson|ian; Fei|Feigelson; Kristian|Kristian Feigelson|
|J.P. Poly|P.; ly|.||
|D. Mainguy|D.; guy|.|D. Mainguy|
|Michel Kokoreff|Michel; f|Kokoreff|Michel Kokoreff|
|Allinne (J.P.)||||
|Yves CHARBIT|Yves|CHARBIT|Yves CHARBIT|
|L. PERREAU|L.|.|L. PERREAU|
|Adolphe L.|Adolphe|L.; Adolphe|Adolphe L.|
|Audiffren, M., Tomporowski, P., & Zagrodnik, J.||||
|Bertrand Réau|Bertrand|Réau|Bertrand|
|BAKHOUCHE Béatrice & LUCIANI Sabine|Sabine; LUCIANI; Béatrice|BAKHOUCHE; LUCIANI|BAKHOUCHE Béatrice & LUCIANI Sabine|
|N. Paul, M. Terré, L. Féty|N.|.|N.|
|farid mkaouar, jean-luc prigent|jean-luc; jean luc; f|arid mkaouar; prigent|farid mkaouar, jean-luc prigent|
|LATOUR X.|LATOUR|LATOUR|LATOUR X.|
|Antoine Lemenant|Antoine|Lemenant|Antoine Lemenant|
|Sarrazin, J.; Mahe, Y.; Avrillon, S.; Toutain, S.||||
|Antoine, P., Christophe, V., & Nandrino, J.-L.|Antoine||Antoine|
|Antonio Capone, Jocelyne ELIAS, Fabio Martignon|Fabio; Antonio|Martignon; Capone|Antonio Capone, Jocelyne ELIAS, Fabio Martignon|
|A. Nouy|A.|.|A. Nouy|
|Jonathan Degenève|e; Jon|athan Degenève|Jonathan Degenève|
|Garbaye, Romain|Romain|||
|Philippe Sabot|Philippe|Sabot|Philippe Sabot|
|V. Gerasimov, L. Potyagailo|L.; V.|.|V. Gerasimov, L. Potyagailo|
|Pierre Auger Collaboration|ion; Pierre|Auger Collaboration|Pierre Auger Collaboration|
|GENSSE Pierre|GENSSE; E; Pierre|GENSSE; Pierre|GENSSE Pierre|
|Zerrouki, C., Fourati, N., Lucas, R., Vergnaud, J., Fougnion, J.M., Zerrouki, R., Pernelle, C.||||
|G. Valette, S. Prévost, L. Lucas et J. Léonard|G.; Léonard|.|G. Valette, S. Prévost, L. Lucas et J. Léonard|
|BAKHOUCHE Béatrice, LUCIANI Sabine|Sabine; LUCIANI; Béatrice|BAKHOUCHE; LUCIANI|BAKHOUCHE Béatrice, LUCIANI Sabine|
|Rau Clement|Rau; Clement|Rau|Rau Clement|
|Islam Boussaada, A. Raouf Chouikha, Jean-Marie Strelcyn|Jean-Marie; jean marie|Strelcyn|Islam Boussaada, A. Raouf Chouikha, Jean-Marie Strelcyn|
|Cyril de Runz, Eric Desjardin|Cyril; Eric|Desjardin; de Runz|Cyril de Runz, Eric Desjardin|
|CLEMENT - Alain|Alain; CLEMENT|- Alain|CLEMENT - Alain|
|Jean-Noël PASCAL, éditeur scientifique|Jean; e; jean noel|-Noël PASCAL|Jean-Noël PASCAL, éditeur scientifique|
|Maguire, Lori (Gloria)||||
|Haddad-Wotling Karen|Wotling; Karen|Wotling||
|Georges-Claude Guilbert|Claude; Georges|Guilbert; -Claude Guilbert|Georges-Claude Guilbert|
|S. Leveneur, T. Salmi, N. Musakka, J. Wärnå|S.|.|S.|
|Cavallucci D., Rousselot F. and Zanni C.,|Cavallucci|Cavallucci|Cavallucci|
|Franck Delaplace, Hanna Klaudel and Amandine Cartier-Michaud.|Franck|Delaplace|Franck|
|Dominique Kalifa|Dominique|Kalifa|Dominique Kalifa|
|Pierre Lamard, Nicolas Stoskopf (dir.)|Pierre|Lamard|Pierre|
|Michel Verpeaux|Michel|Verpeaux|Michel Verpeaux|
|Carole Maigné, Jan Sebestik,|Carole|Maigné|Carole|
|Cristel Onésippe et Serge Lagerge|e; Cristel|et Serge Lagerge; Onésippe et Serge Lagerge|Cristel Onésippe et Serge Lagerge|
|Martin Galinier|Martin|Galinier|Martin Galinier|
|Mathias Schonbuch|Mathias|Schonbuch|Mathias Schonbuch|
|Franck Biglione|Franck; e|Biglione|Franck Biglione|
|Marc BELLOT|Marc|BELLOT|Marc BELLOT|
|LEONARD Monique|Monique; LEON; LEONARD|ARD Monique; LEONARD|LEONARD Monique|
|P. Vidal, O. Polit|O.; P.|.|P. Vidal, O. Polit|
|François-Xavier Dillmann|François-Xavier; francois xavier; ann|Dillmann|François-Xavier Dillmann|
|Bertrand F.|Bertrand; BERTRAND|Bertrand; F.|Bertrand F.|
|V. Magnenet, A. Giraud, and F. Homand.|V.|.|V.|
|G. GILET, J.-M. DISCHLER|G.; M.|.|G. GILET, J.-M. DISCHLER|
|A. Nouy|A.|.|A. Nouy|
|DERRAZ F., PEYRODIE L., PINTI A., TALEB-AHMED A., CHIKH A., HAUTECOEUR P.|HAUTECOEUR; DE|RRAZ F.; HAUTECOEUR|DERRAZ F., PEYRODIE L., PINTI A., TALEB-AHMED A., CHIKH A., HAUTECOEUR P.|
|Sallez Y., Berger T., Trentesaux D.|Sallez; Trentesaux|Sallez; Trentesaux|Sallez Y., Berger T., Trentesaux D.|
|DROMER O, ALATA O, and BERNARD O.|BERNARD|BERNARD||
|Giblin Béatrice|Giblin; Béatrice|Giblin|Giblin Béatrice|
|François Cusset|François; F|rançois Cusset; Cusset|François Cusset|
|Houari Maïdi||||
|Claude Andrault-Schmitt|Claude|Andrault-Schmitt|Claude|
|Marie-Elodie Ancel|el; Elodie; Marie|Ancel; -Elodie Ancel|Marie-Elodie Ancel|
|Max Gounelle|Max; e|Gounelle|Max Gounelle|
|Hélène MICHEL|Hélène; MICHEL; ne|ne; MICHEL|Hélène MICHEL|
|G. Colin, G. Bloch, Y. Chamaillard et F. Anstett|G.; F.|.|G. Colin, G. Bloch, Y. Chamaillard et F. Anstett|
|C. Rémazeilles and Ph. Refait||||
|Texier C, Vidau C, Viguès B, El Alaoui H, Delbac F|Delbac; F|Delbac||
|Olivera Boskovic|Oliver|a Boskovic|Oliver|
|Harold Kobina GABA|Harold|Kobina GABA|Harold Kobina GABA|
|Eric MAULIN|LIN; Eric|MAULIN|Eric MAULIN|
|Catherine Teitgen-Colly|Catherine; ly|Teitgen-Colly|Catherine Teitgen-Colly|
|Defay, F.; Llor, A.-M.; Fadel, M.|De|fay|De|
|F. Pedraza Diaz, B. Bouchaud, J. Balmain, G. Bonnet, J. Menuey|J.; F|. Pedraza Diaz; .|F. Pedraza Diaz, B. Bouchaud, J. Balmain, G. Bonnet, J. Menuey|
|E. Chevereau, N. Zouaoui, L. Limousy, P. Dutournié, S. Déon, P. Bourseau|E; P.|. Chevereau; .|E. Chevereau, N. Zouaoui, L. Limousy, P. Dutournié, S. Déon, P. Bourseau|
|Leconte|e|||
|Amine, Baumann, Lages Dos Santos, Valognes|Amine||Amine|
|O. Guyotjeannin (dir. scientifique)|O.|.|O.|
|Mathias Schonbuch|Mathias|Schonbuch|Mathias Schonbuch|
|Jacobo Machover|Jacob|o Machover|Jacob|
|Annie BEZIZ-AYACHE|E; Annie|BEZIZ-AYACHE|Annie BEZIZ-AYACHE|
|Gomez Betancourt, Rebeca||||
|R. Nehme, C. Perrin, H. Cottet, M-D Blanchin, H. Fabre|e; R.; H.|.|R. Nehme, C. Perrin, H. Cottet, M-D Blanchin, H. Fabre|
|Pierre Larcher|Pierre|Larcher|Pierre Larcher|
|S. CHAKER (Dir.)|S.|.|S.|
|S. Ginestet, D. Marchio|D.; S.|.|S. Ginestet, D. Marchio|
|Daniel Massart|Daniel|Massart|Daniel Massart|
|Maugis, C. and Michel, B.||||
|Rumsey, Lacy||||
|Emmanuel WALLON (sous la direction de)|Emmanuel|WALLON (sous la direction de)|Emmanuel|
|D. Zanatta Filho, L. Féty, M. Terré|D.|.|D.|
|Daou Doumit|Dao|u Doumit|Dao|
|FILHON ALEXANDRA|ALEXANDRA; FILHON; F|ILHON ALEXANDRA; FILHON|FILHON ALEXANDRA|
|Stéphane Breton|Stéphane|Breton|Stéphane Breton|
|Morgan Magnin, Pierre Molinaro, and Olivier (H.) Roux|Morgan|Magnin|Morgan|
|Demange Gabrielle|ange; De; Demange; Gabrielle|mange Gabrielle; Demange; Gabrielle|Demange Gabrielle|
|TOUSSAINT Jean-Yves, VAREILLES Sophie|Sophie; Jean-Yves; VAREILLES; jean yves|VAREILLES; TOUSSAINT|TOUSSAINT Jean-Yves, VAREILLES Sophie|
|LARUE Jean-Pierre|Jean; Jean-Pierre; jean pierre; LARUE|LARUE|LARUE Jean-Pierre|
|Girel Sylvia|el; Sylvia; Girel|Sylvia; Girel|Girel Sylvia|
|BAKHOUCHE Béatrice|BAKHOUCHE; Béatrice|BAKHOUCHE|BAKHOUCHE Béatrice|
|GROUARD Sandrine|Sandrine; GROUARD|GROUARD|GROUARD Sandrine|
|Alain KIYINDOU|Alain|KIYINDOU|Alain KIYINDOU|
|Charles, Loïc et Théré, Christine|Charles; Christine||Charles, Loïc et Théré, Christine|
|Saada Julie|Saada; Julie|Saada|Saada Julie|
|Castelnau, P. de, Albaret, J.-M., Chaix, Y., & Zanone, P.G.||||
|Franck FAYARD, Stéphane MÉRIC et Éric POTTIER|Franck; Éric|FAYARD; POTTIER|Franck FAYARD, Stéphane MÉRIC et Éric POTTIER|
|R. Durand, G. Ginolhac, L. Thirion et P. Forster|R.; P.|.|R. Durand, G. Ginolhac, L. Thirion et P. Forster|
|J. LEBESNERAIS, A. FASQUELLE, M. HECQUET, J. PELLE, V. LANFRANCHI, S.HARMAND, P. BROCHET, A. RANDRIA|J.; A.|.|J. LEBESNERAIS, A. FASQUELLE, M. HECQUET, J. PELLE, V. LANFRANCHI, S.HARMAND, P. BROCHET, A. RANDRIA|
|C. Lemoine, P. Besnier, M. Drissi|si; M.; C.|.|C. Lemoine, P. Besnier, M. Drissi|
|T. TRAN, F. MOUSSOUNI, S. BRISSET, P. BROCHET|T.; P.|.|T. TRAN, F. MOUSSOUNI, S. BRISSET, P. BROCHET|
|G. Colin, Y. Chamaillard, G. Bloch et G. Corde|G.; de|.|G. Colin, Y. Chamaillard, G. Bloch et G. Corde|
|Antoine Chambaz et Mark J. van der Laan|Antoine; van; an|Chambaz et Mark J. van der Laan; der Laan|Antoine Chambaz et Mark J. van der Laan|
|CHERIF Y., JOULIN A., ZALEWSKI L., LASSUE S.|CHERIF; LASSUE|CHERIF; LASSUE|CHERIF Y., JOULIN A., ZALEWSKI L., LASSUE S.|
|Nadir MATRINGE|INGE|||
|S. KREUAWAN, F. MOUSSOUNI, F. GILLON, S. BRISSET, P. BROCHET|P.; S.|.|S. KREUAWAN, F. MOUSSOUNI, F. GILLON, S. BRISSET, P. BROCHET|
|S. DARFEUILLE, J.LINTIGNAT, Z. SASSI, B. BARELAUD, L. BILLONNET, B. JARRY, H. MARIE, P. GAMAND|P.; S.|.|S. DARFEUILLE, J.LINTIGNAT, Z. SASSI, B. BARELAUD, L. BILLONNET, B. JARRY, H. MARIE, P. GAMAND|
|J. RAMOUSSE, S. DIDIERJEAN, O. LOTTIN, D. MAILLET|D.; J.|.|J. RAMOUSSE, S. DIDIERJEAN, O. LOTTIN, D. MAILLET|
|V. MESTER, F. GILLON, S. BRISSET, P. BROCHET, M. RADULESCU|M.; V.|.|V. MESTER, F. GILLON, S. BRISSET, P. BROCHET, M. RADULESCU|
|Adel Hamdi|Adel|Hamdi|Adel Hamdi|
|MICHEL Pierre|MICHEL; michel pierre; Pierre|Pierre; MICHEL|MICHEL Pierre|
|Jean Peeters|Jean|Peeters|Jean Peeters|
|F. Lissarrague|e; F.; F|. Lissarrague; .|F. Lissarrague|
|Chantal Duchet|Chantal|Duchet|Chantal Duchet|
|R. Stephan, A. Mehdaoui, D. Berling and P.Wetzel|el; R.|.|R. Stephan, A. Mehdaoui, D. Berling and P.Wetzel|
|Freret T, Bouet V, Toutain J, Saulnier R, Pro-Sistiaga P, Bihel E, Mackenzie ET, Roussel S, Schumann-Bard P, Touzani O.|Touzani; F|Touzani; reret T|Freret T, Bouet V, Toutain J, Saulnier R, Pro-Sistiaga P, Bihel E, Mackenzie ET, Roussel S, Schumann-Bard P, Touzani O.|
|L. Jutier, C. Léonard and F. Gatti.|L.|.|L.|
|D. Mercier, V. Régnier (ordre alphabétique, travail 50-50).|D.|.|D.|
|Thierry Nobre, Caroline Merdinger|Caroline; Thierry|Merdinger; Nobre|Thierry Nobre, Caroline Merdinger|
|V.F. Silva, V. Bouquet, S. Députier, S. Boursicot, S. Ollivier, I.T. Weber, V.L. Silva, I.M.G. Santos, M. Guilloux-Viry,  A. Perrin|A.|.||
|Moyal, P.||||
|Lepetit L., Nys E., Rous P., Tarazi A.|Lepetit; Tarazi|Lepetit; Tarazi|Lepetit L., Nys E., Rous P., Tarazi A.|
|L.LEPETIT, E. NYS, Ph. ROUS et A. TARAZI|A.|.||
|Moron Vincent, Robertson Andrew, Ward M. Neil, Ndiaye Ousmane|Vincent; e|Moron; Ousmane|Moron Vincent, Robertson Andrew, Ward M. Neil, Ndiaye Ousmane|
|Le Mével J.C, Lancien F., Mimassi N., Conlon J.M|Conlon|Conlon||
|Gonzàlez-Rios O., Suàrez-Quiroz M.L., Boulanger R., Barel M., Guyot B., Guiraud J.P., Schorr-Galindo S.|Galindo|Galindo||
|Berger T., Sallez Y., Valli B., Gibaud A., Trentesaux D.|Berger; Trentesaux|Berger; Trentesaux|Berger T., Sallez Y., Valli B., Gibaud A., Trentesaux D.|
|M. Fontaine, A. Devillez, A. Moufki, D. Dudzinski,|M.|.|M.|
|Hubert C., Dubar L., Dubar M., Dubois A.|Dubois; Hubert|Dubois; C.|Hubert C., Dubar L., Dubar M., Dubois A.|
|Charles-Edmond BICHOT|Charles; Edmond|-Edmond BICHOT; BICHOT|Charles-Edmond BICHOT|
|   ||||
|A.ALLAL, B. VERGNES|B.|.||
|M. Becherif, D. Hissel, S. Gaagat, M Wack|M.|.|M.|
|Séjourné, N., Callahan, S. Chabrol, H.||||
|C. Fleury, T. Duval, V. Gouranton, B. Arnaldi|B.; C.|.|C. Fleury, T. Duval, V. Gouranton, B. Arnaldi|
|PERRU O.|PER; PERRU|RU O.; PERRU|PERRU O.|
|Abdellah Bounfour, Kamal Naït-Zerrad et Abdallah Boumalk|Abd; Abdallah|ellah Bounfour; Boumalk|Abdellah Bounfour, Kamal Naït-Zerrad et Abdallah Boumalk|
|Xavier Escudero|Xavier|Escudero|Xavier Escudero|
|Martin NDENDE|DE; Martin|NDENDE|Martin NDENDE|
|C. Grimaldi|C.|.|C. Grimaldi|
|Stephanie Rohlfing-Dijoux|Stephanie|Rohlfing-Dijoux|Stephanie|
|A. Makky, J.P. Michel, A. Kasselouri, Ph. Maillard et V. Rosilio.|A.|.|A.|
|Rabatel Alain|el; Rabatel; Alain|Rabatel; Alain|Rabatel Alain|
|Brigitte GAÏTI|Brigitte|GAÏTI|Brigitte|
|Jérôme Thélot|Jérôme|Thélot|Jérôme|
|G. Bourgeois|G.|.|G. Bourgeois|
|Emmanuel DREYER|Emmanuel|DREYER|Emmanuel DREYER|
|Moyen J.-F.|Moyen|Moyen|Moyen|
|Baby, Hélène|Hélène|||
|Pécout Thierry (dir.)||||
|J.-Y. Andrieux|Y.|.||
|CARRAUD Vincent|Vincent; CARRAUD|CARRAUD|CARRAUD Vincent|
|Marie-Jo Thiel|el; Marie|-Jo Thiel|Marie-Jo Thiel|
|Arnauld Pierre|Arnauld; Pierre|Arnauld; Pierre|Arnauld Pierre|
|Tancelin Philippe|Philippe; lin; Tancelin|Philippe; Tancelin|Tancelin Philippe|
|M. Veit, A. Capobianco, D. Bechmann|D.; ann; M.|.|M. Veit, A. Capobianco, D. Bechmann|
|Sylvie Neyertz et David Brown|Sylvie|Neyertz et David Brown|Sylvie Neyertz et David Brown|
|Mohamed Ali MAROUANI|Mohamed|Ali MAROUANI|Mohamed Ali MAROUANI|
|  ||||
|Mathy, F. & Feldman, J.||||
|GRANGE P., CLAIR D., FOGLI M., BAILLET L.|GRANGE; BAILLET|GRANGE; BAILLET|GRANGE P., CLAIR D., FOGLI M., BAILLET L.|
|GOMEZ-MULLER, Alfredo|Alfredo|||
|Sophie Papaefthymiou|Sophie|Papaefthymiou|Sophie Papaefthymiou|
|Abdelkhaleq Berramdane|Abd; e|elkhaleq Berramdane|Abdelkhaleq Berramdane|
|T. Genevès, B. Domenichini, L. Imhoff, V. Potin, O. Heintz, P.M. Peterlé & S. Bourgeois|T.; S.|.|T. Genevès, B. Domenichini, L. Imhoff, V. Potin, O. Heintz, P.M. Peterlé & S. Bourgeois|
|CHEN Z., MOTET G.|CHEN; MOTET|CHEN; MOTET|CHEN Z., MOTET G.|
|Ni Cheallaigh, Dairine|e|||
|CALLENS STEPHANE|STEPHANE; CALLENS|CALLENS|CALLENS STEPHANE|
|Namer, Fiammetta||||
|Cecchelli R, Berezowski V, Lundquist S, Culot M, Renftel M, Dehouck MP, Fenart L.|Fenart|Fenart||
|Marty, Lamaze et Pornon|e|et Pornon||
|J. Argyriades et al.|J.|.|J.|
|Julien Garaud, Mikhail Volkov|Julien; il|Volkov; Garaud|Julien Garaud, Mikhail Volkov|
|A. Ivanco, G. Colin, Y. Chamaillard, A. Charlet, P. Higelin|lin; P.; A.|.|A. Ivanco, G. Colin, Y. Chamaillard, A. Charlet, P. Higelin|
|L. Giraudet, O. Simonetti|L.; O.|.|L. Giraudet, O. Simonetti|
|Christine Delory-Momberger|Christine|Delory-Momberger|Christine|
|P.Lescot||||
|Pigé Benoît|Benoît|||
|A.MILLET-DEVALLE (Dir.)||||
|Anne-Dominique Merville|e; Anne; Dominique|Merville; -Dominique Merville|Anne-Dominique Merville|
|Grandhomme (Jean-Noël)|jean noel||jean noel|
|Aude ROUYERE|Aude; E|ROUYERE|Aude ROUYERE|
|Routier Richard|Routier; Richard|Routier|Routier Richard|
|Andrea Bréard|Andre|a Bréard|Andre|
|P.M. Eisemann|ann; M.|.||
|Luce, Jean-Marc|Jean-Marc; Lu; jean marc|ce|Luce, Jean-Marc|
|N. Alonso-Vante|e; N.|.|N. Alonso-Vante|
|Jan Spurk|Jan|Spurk|Jan Spurk|
|Bozoky, Edina||||
|Christian CHELEBOURG (editor)|Christian|CHELEBOURG (editor)|Christian|
|Jean-Daniel Causse|Jean; Daniel; e|-Daniel Causse; Causse|Jean-Daniel Causse|
|Véronique Magri-Mourgues|Véronique|Magri-Mourgues|Véronique|
|SANTIAGO, Jorge P.|SANTIAGO; Jorge|; Jorge|SANTIAGO, Jorge P.|
|Paul DIETSCHY and David-Claude KEMO KEIMBOU|Claude; Paul|KEMO KEIMBOU; DIETSCHY and David-Claude KEMO KEIMBOU|Paul DIETSCHY and David-Claude KEMO KEIMBOU|
|B. Grunberg [ed.],|B.|.|B.|
|CARMEN ALEN GARABATO|CARMEN|ALEN GARABATO|CARMEN ALEN GARABATO|
|Jean-Yves GUILLAUMIN|Jean-Yves; jean yves; MIN|GUILLAUMIN|Jean-Yves GUILLAUMIN|
|Frédéric MONNEYRON|Frédéric; F|rédéric MONNEYRON; MONNEYRON|Frédéric MONNEYRON|
|VAHLAS Alexis|VAHLAS; Alex; Alexis|VAHLAS|VAHLAS Alexis|
|Romain Raveaux, Jean-Christophe Burie, Jean-Marc Ogier|Romain; Jean-Marc; jean marc; jean christophe|Raveaux; Ogier|Romain Raveaux, Jean-Christophe Burie, Jean-Marc Ogier|
|Ngalasso-Mwatha, Musanji, dir.||||
|BAKHOUCHE Béatrice|BAKHOUCHE; Béatrice|BAKHOUCHE|BAKHOUCHE Béatrice|
|P. Ruello, S. Zhang, P. Laffez, B. Perrin and V. Gusev|P.; V.|.|P. Ruello, S. Zhang, P. Laffez, B. Perrin and V. Gusev|
|Pierre Verlot, Alexandros Tavernarakis, Tristan Briant, Pierre-François Cohadon et Antoine Heidmann|pierre francois; ann; Pierre; Pierre-François|Cohadon et Antoine Heidmann; Verlot|Pierre Verlot, Alexandros Tavernarakis, Tristan Briant, Pierre-François Cohadon et Antoine Heidmann|
|Antoine COPPOLANI|Antoine|COPPOLANI|Antoine COPPOLANI|
|F. Berzin, A. Tara, L. Tighzert, B. Vergnes|B.; F|. Berzin; .|F. Berzin, A. Tara, L. Tighzert, B. Vergnes|
|SANDRI, D.||||
|C. Delaunay|C.|.|C. Delaunay|
|Lachaud, J.-P.||||
|Claude Chrisment, Ollivier Haemmerlé, Nathalie Hernandez, Josiane Mothe|Claude; Josiane; e|Chrisment; Mothe|Claude Chrisment, Ollivier Haemmerlé, Nathalie Hernandez, Josiane Mothe|
|Thibault, André|André; Thi|bault|Thibault, André|
|PELLETIER Caroline|Caroline; PELLETIER|PELLETIER|PELLETIER Caroline|
|Alain BILLAULT|Alain|BILLAULT|Alain BILLAULT|
|Rose-Noëlle SCHÜTZ|Rose|-Noëlle SCHÜTZ|Rose|
|V. Bernaud|V.|.|V. Bernaud|
|Franck PETIT|Franck|PETIT|Franck PETIT|
|B. Baudry, H. Charmettant|B.; H.|.|B. Baudry, H. Charmettant|
|Lionel GARNIER|Lionel|GARNIER|Lionel GARNIER|
|SAFFI Sophie|SAFFI; Sophie|SAFFI|SAFFI Sophie|
|Schreck E., Geret F., Gontier L. and Treilhou M.|Treilhou; E|Schreck; Treilhou|Schreck E., Geret F., Gontier L. and Treilhou M.|
|DESCENDRE Romain|Romain; DESCENDRE; DE; E|Romain; DESCENDRE; SCENDRE Romain|DESCENDRE Romain|
|Wester-Ouisse Véronique|Véronique; Ouisse|Ouisse||
|VINCENT BREMOND|VINCENT; REMOND|BREMOND|VINCENT BREMOND|
|S. Déon, P. Dutournié, L. Limousy, P. Bourseau|P.|.||
|L. RAKOTONDRAMASY-RABESIAKA, J.-L. HAVET, C. PORTE and H. FAUDUET|L.; H.|.|L. RAKOTONDRAMASY-RABESIAKA, J.-L. HAVET, C. PORTE and H. FAUDUET|
|Sizorn M.|Si; Sizorn|zorn M.; Sizorn|Sizorn M.|
|Marie-Claire Ponthoreau|marie claire; Marie-Claire|Ponthoreau|Marie-Claire Ponthoreau|
|Jean-Pol Madou|Jean; Pol|-Pol Madou; Madou|Jean-Pol Madou|
|Mohamed EL MACHKOURI|Mohamed|EL MACHKOURI|Mohamed EL MACHKOURI|
|Serge Linkès|Serge|Linkès|Serge|
|FRATANI Dominique|FRATANI; Dominique; F|RATANI Dominique; FRATANI|FRATANI Dominique|
|Guay, A.||||
|Justine, J.-L.|Justine||Justine, J.-L.|
|S. Aloui, O. Pagès, A. El Hajjaji, Y. Koubaa, A. Chaari|ari; S.; A.|.|S. Aloui, O. Pagès, A. El Hajjaji, Y. Koubaa, A. Chaari|
|GÜELL Mónica, DEODAT-KESSEDJIAN Marie-Françoise|KESSEDJIAN; Marie-Françoise; marie francoise|KESSEDJIAN|GÜELL Mónica, DEODAT-KESSEDJIAN Marie-Françoise|
|Sauvagnargues Anne|Sauvagnargues; Anne|Sauvagnargues|Sauvagnargues Anne|
|L. Brevdo & M. S. Ruderman|L.; S.; an|.|L. Brevdo & M. S. Ruderman|
|Beltran, S., Boissier J.|Boissier|Boissier||
|Williams G.|William; Williams|s G.; Williams|Williams G.|
|Xavier DESJARDINS|Xavier|DESJARDINS|Xavier DESJARDINS|
